{"cameraMode":{"drawMode":0,"name":"Shaded","section":"Shading Mode"},"sceneLighting":true,"audioPlay":false,"sceneViewState":{"m_AlwaysRefresh":false,"showFog":true,"showSkybox":true,"showFlares":true,"showImageEffects":true,"showParticleSystems":true,"showVisualEffectGraphs":true,"m_FxEnabled":false},"in2DMode":false,"pivot":{"x":10.04568099975586,"y":4.189308166503906,"z":-18.474464416503908},"rotation":{"x":0.3339553475379944,"y":-0.0042416248470544819,"z":0.0015028200577944518,"w":0.9425792098045349},"size":4.300819396972656,"orthographic":false}